LOCATION,INDICATOR,SUBJECT,MEASURE,FREQUENCY,TIME,Value,Flag Codes
AUS,GDPHRWKD,TOT,IDX2015,A,2001,83.746965,
AUS,GDPHRWKD,TOT,IDX2015,A,2002,85.015035,
AUS,GDPHRWKD,TOT,IDX2015,A,2003,86.971034,
AUS,GDPHRWKD,TOT,IDX2015,A,2004,86.684826,
AUS,GDPHRWKD,TOT,IDX2015,A,2005,86.983829,
AUS,GDPHRWKD,TOT,IDX2015,A,2006,87.42353,
AUS,GDPHRWKD,TOT,IDX2015,A,2007,88.411503,
AUS,GDPHRWKD,TOT,IDX2015,A,2008,91.456608,
AUS,GDPHRWKD,TOT,IDX2015,A,2009,90.665463,
AUS,GDPHRWKD,TOT,IDX2015,A,2010,92.166362,
AUS,GDPHRWKD,TOT,IDX2015,A,2011,93.250113,
AUS,GDPHRWKD,TOT,IDX2015,A,2012,95.4977,
AUS,GDPHRWKD,TOT,IDX2015,A,2013,97.122744,
AUS,GDPHRWKD,TOT,IDX2015,A,2014,97.551885,
AUS,GDPHRWKD,TOT,IDX2015,A,2015,100,
AUS,GDPHRWKD,TOT,IDX2015,A,2016,99.728309,
AUS,GDPHRWKD,TOT,IDX2015,A,2017,100.854561,
AUS,GDPHRWKD,TOT,IDX2015,A,2018,100.811475,E
AUS,GDPHRWKD,TOT,IDX2015,A,2019,102.079521,E
AUS,GDPHRWKD,TOT,IDX2015,A,2020,103.12824,E
AUT,GDPHRWKD,TOT,IDX2015,A,2001,84.042707,
AUT,GDPHRWKD,TOT,IDX2015,A,2002,85.615532,
AUT,GDPHRWKD,TOT,IDX2015,A,2003,86.329189,
AUT,GDPHRWKD,TOT,IDX2015,A,2004,87.979271,
AUT,GDPHRWKD,TOT,IDX2015,A,2005,90.135954,
AUT,GDPHRWKD,TOT,IDX2015,A,2006,92.494362,
AUT,GDPHRWKD,TOT,IDX2015,A,2007,94.86588,
AUT,GDPHRWKD,TOT,IDX2015,A,2008,94.866485,
AUT,GDPHRWKD,TOT,IDX2015,A,2009,94.195928,
AUT,GDPHRWKD,TOT,IDX2015,A,2010,95.57564,
AUT,GDPHRWKD,TOT,IDX2015,A,2011,96.55155,
AUT,GDPHRWKD,TOT,IDX2015,A,2012,97.588568,
AUT,GDPHRWKD,TOT,IDX2015,A,2013,98.235449,
AUT,GDPHRWKD,TOT,IDX2015,A,2014,98.602214,
AUT,GDPHRWKD,TOT,IDX2015,A,2015,100,
AUT,GDPHRWKD,TOT,IDX2015,A,2016,99.877092,
AUT,GDPHRWKD,TOT,IDX2015,A,2017,101.087913,
AUT,GDPHRWKD,TOT,IDX2015,A,2018,101.624302,
AUT,GDPHRWKD,TOT,IDX2015,A,2019,101.500177,
AUT,GDPHRWKD,TOT,IDX2015,A,2020,103.705325,
BEL,GDPHRWKD,TOT,IDX2015,A,2001,88.309445,
BEL,GDPHRWKD,TOT,IDX2015,A,2002,88.915037,
BEL,GDPHRWKD,TOT,IDX2015,A,2003,89.66458,
BEL,GDPHRWKD,TOT,IDX2015,A,2004,92.561794,
BEL,GDPHRWKD,TOT,IDX2015,A,2005,93.971437,
BEL,GDPHRWKD,TOT,IDX2015,A,2006,94.459137,
BEL,GDPHRWKD,TOT,IDX2015,A,2007,96.205262,
BEL,GDPHRWKD,TOT,IDX2015,A,2008,95.614367,
BEL,GDPHRWKD,TOT,IDX2015,A,2009,94.994876,
BEL,GDPHRWKD,TOT,IDX2015,A,2010,96.437346,
BEL,GDPHRWKD,TOT,IDX2015,A,2011,95.778661,
BEL,GDPHRWKD,TOT,IDX2015,A,2012,96.255207,
BEL,GDPHRWKD,TOT,IDX2015,A,2013,97.085446,
BEL,GDPHRWKD,TOT,IDX2015,A,2014,98.476362,
BEL,GDPHRWKD,TOT,IDX2015,A,2015,100,
BEL,GDPHRWKD,TOT,IDX2015,A,2016,100.097921,
BEL,GDPHRWKD,TOT,IDX2015,A,2017,99.90136,
BEL,GDPHRWKD,TOT,IDX2015,A,2018,100.133328,
BEL,GDPHRWKD,TOT,IDX2015,A,2019,100.85839,
BEL,GDPHRWKD,TOT,IDX2015,A,2020,104.026553,
CAN,GDPHRWKD,TOT,IDX2015,A,2001,88.130139,
CAN,GDPHRWKD,TOT,IDX2015,A,2002,89.559951,
CAN,GDPHRWKD,TOT,IDX2015,A,2003,89.782582,
CAN,GDPHRWKD,TOT,IDX2015,A,2004,90.538516,
CAN,GDPHRWKD,TOT,IDX2015,A,2005,92.54895,
CAN,GDPHRWKD,TOT,IDX2015,A,2006,93.536181,
CAN,GDPHRWKD,TOT,IDX2015,A,2007,93.530266,
CAN,GDPHRWKD,TOT,IDX2015,A,2008,93.263998,
CAN,GDPHRWKD,TOT,IDX2015,A,2009,93.711958,
CAN,GDPHRWKD,TOT,IDX2015,A,2010,94.665715,
CAN,GDPHRWKD,TOT,IDX2015,A,2011,96.212489,
CAN,GDPHRWKD,TOT,IDX2015,A,2012,96.422627,
CAN,GDPHRWKD,TOT,IDX2015,A,2013,97.703277,
CAN,GDPHRWKD,TOT,IDX2015,A,2014,100.265786,
CAN,GDPHRWKD,TOT,IDX2015,A,2015,100,
CAN,GDPHRWKD,TOT,IDX2015,A,2016,100.163681,
CAN,GDPHRWKD,TOT,IDX2015,A,2017,101.94905,
CAN,GDPHRWKD,TOT,IDX2015,A,2018,102.274591,
CAN,GDPHRWKD,TOT,IDX2015,A,2019,103.213104,
CAN,GDPHRWKD,TOT,IDX2015,A,2020,111.381839,
CZE,GDPHRWKD,TOT,IDX2015,A,2001,71.069051,
CZE,GDPHRWKD,TOT,IDX2015,A,2002,72.17471,
CZE,GDPHRWKD,TOT,IDX2015,A,2003,75.911047,
CZE,GDPHRWKD,TOT,IDX2015,A,2004,79.07466,
CZE,GDPHRWKD,TOT,IDX2015,A,2005,83.181538,
CZE,GDPHRWKD,TOT,IDX2015,A,2006,88.300324,
CZE,GDPHRWKD,TOT,IDX2015,A,2007,92.043508,
CZE,GDPHRWKD,TOT,IDX2015,A,2008,91.746867,
CZE,GDPHRWKD,TOT,IDX2015,A,2009,89.624169,
CZE,GDPHRWKD,TOT,IDX2015,A,2010,91.719351,
CZE,GDPHRWKD,TOT,IDX2015,A,2011,93.258994,
CZE,GDPHRWKD,TOT,IDX2015,A,2012,93.645328,
CZE,GDPHRWKD,TOT,IDX2015,A,2013,93.944265,
CZE,GDPHRWKD,TOT,IDX2015,A,2014,95.029948,
CZE,GDPHRWKD,TOT,IDX2015,A,2015,100,
CZE,GDPHRWKD,TOT,IDX2015,A,2016,99.648324,
CZE,GDPHRWKD,TOT,IDX2015,A,2017,103.061394,
CZE,GDPHRWKD,TOT,IDX2015,A,2018,104.47482,
CZE,GDPHRWKD,TOT,IDX2015,A,2019,107.295349,
CZE,GDPHRWKD,TOT,IDX2015,A,2020,107.760298,
DNK,GDPHRWKD,TOT,IDX2015,A,2001,85.319344,
DNK,GDPHRWKD,TOT,IDX2015,A,2002,86.020806,
DNK,GDPHRWKD,TOT,IDX2015,A,2003,87.440463,
DNK,GDPHRWKD,TOT,IDX2015,A,2004,90.232667,
DNK,GDPHRWKD,TOT,IDX2015,A,2005,91.467821,
DNK,GDPHRWKD,TOT,IDX2015,A,2006,92.67329,
DNK,GDPHRWKD,TOT,IDX2015,A,2007,92.844194,
DNK,GDPHRWKD,TOT,IDX2015,A,2008,91.462002,
DNK,GDPHRWKD,TOT,IDX2015,A,2009,90.618973,
DNK,GDPHRWKD,TOT,IDX2015,A,2010,94.165396,
DNK,GDPHRWKD,TOT,IDX2015,A,2011,94.491438,
DNK,GDPHRWKD,TOT,IDX2015,A,2012,96.297436,
DNK,GDPHRWKD,TOT,IDX2015,A,2013,97.054659,
DNK,GDPHRWKD,TOT,IDX2015,A,2014,98.592133,
DNK,GDPHRWKD,TOT,IDX2015,A,2015,100,
DNK,GDPHRWKD,TOT,IDX2015,A,2016,101.19061,
DNK,GDPHRWKD,TOT,IDX2015,A,2017,103.081941,
DNK,GDPHRWKD,TOT,IDX2015,A,2018,105.350786,
DNK,GDPHRWKD,TOT,IDX2015,A,2019,106.869184,
DNK,GDPHRWKD,TOT,IDX2015,A,2020,107.688008,
FIN,GDPHRWKD,TOT,IDX2015,A,2001,88.120616,
FIN,GDPHRWKD,TOT,IDX2015,A,2002,88.964517,
FIN,GDPHRWKD,TOT,IDX2015,A,2003,90.811656,
FIN,GDPHRWKD,TOT,IDX2015,A,2004,93.883623,
FIN,GDPHRWKD,TOT,IDX2015,A,2005,95.689541,
FIN,GDPHRWKD,TOT,IDX2015,A,2006,98.009302,
FIN,GDPHRWKD,TOT,IDX2015,A,2007,101.158926,
FIN,GDPHRWKD,TOT,IDX2015,A,2008,99.976128,
FIN,GDPHRWKD,TOT,IDX2015,A,2009,95.548042,
FIN,GDPHRWKD,TOT,IDX2015,A,2010,98.876026,
FIN,GDPHRWKD,TOT,IDX2015,A,2011,100.245544,
FIN,GDPHRWKD,TOT,IDX2015,A,2012,98.634352,
FIN,GDPHRWKD,TOT,IDX2015,A,2013,98.997587,
FIN,GDPHRWKD,TOT,IDX2015,A,2014,99.193091,
FIN,GDPHRWKD,TOT,IDX2015,A,2015,100,
FIN,GDPHRWKD,TOT,IDX2015,A,2016,102.349147,
FIN,GDPHRWKD,TOT,IDX2015,A,2017,104.924754,
FIN,GDPHRWKD,TOT,IDX2015,A,2018,103.725411,
FIN,GDPHRWKD,TOT,IDX2015,A,2019,103.568273,
FIN,GDPHRWKD,TOT,IDX2015,A,2020,103.263928,
FRA,GDPHRWKD,TOT,IDX2015,A,2001,89.163111,
FRA,GDPHRWKD,TOT,IDX2015,A,2002,91.766179,
FRA,GDPHRWKD,TOT,IDX2015,A,2003,92.289942,
FRA,GDPHRWKD,TOT,IDX2015,A,2004,93.309866,
FRA,GDPHRWKD,TOT,IDX2015,A,2005,94.138072,
FRA,GDPHRWKD,TOT,IDX2015,A,2006,96.481781,
FRA,GDPHRWKD,TOT,IDX2015,A,2007,96.0296,
FRA,GDPHRWKD,TOT,IDX2015,A,2008,95.416924,
FRA,GDPHRWKD,TOT,IDX2015,A,2009,94.440997,
FRA,GDPHRWKD,TOT,IDX2015,A,2010,95.663522,
FRA,GDPHRWKD,TOT,IDX2015,A,2011,96.621402,
FRA,GDPHRWKD,TOT,IDX2015,A,2012,96.937089,
FRA,GDPHRWKD,TOT,IDX2015,A,2013,98.249867,
FRA,GDPHRWKD,TOT,IDX2015,A,2014,99.195227,
FRA,GDPHRWKD,TOT,IDX2015,A,2015,100,
FRA,GDPHRWKD,TOT,IDX2015,A,2016,100.279427,
FRA,GDPHRWKD,TOT,IDX2015,A,2017,102.395091,
FRA,GDPHRWKD,TOT,IDX2015,A,2018,102.814627,
FRA,GDPHRWKD,TOT,IDX2015,A,2019,103.215736,
FRA,GDPHRWKD,TOT,IDX2015,A,2020,103.498196,
DEU,GDPHRWKD,TOT,IDX2015,A,2001,89.255258,
DEU,GDPHRWKD,TOT,IDX2015,A,2002,90.082726,
DEU,GDPHRWKD,TOT,IDX2015,A,2003,90.775624,
DEU,GDPHRWKD,TOT,IDX2015,A,2004,91.602335,
DEU,GDPHRWKD,TOT,IDX2015,A,2005,93.047959,
DEU,GDPHRWKD,TOT,IDX2015,A,2006,94.536022,
DEU,GDPHRWKD,TOT,IDX2015,A,2007,95.652946,
DEU,GDPHRWKD,TOT,IDX2015,A,2008,95.677826,
DEU,GDPHRWKD,TOT,IDX2015,A,2009,92.797837,
DEU,GDPHRWKD,TOT,IDX2015,A,2010,94.936987,
DEU,GDPHRWKD,TOT,IDX2015,A,2011,97.40629,
DEU,GDPHRWKD,TOT,IDX2015,A,2012,98.007256,
DEU,GDPHRWKD,TOT,IDX2015,A,2013,98.472527,
DEU,GDPHRWKD,TOT,IDX2015,A,2014,99.49312,
DEU,GDPHRWKD,TOT,IDX2015,A,2015,100,
DEU,GDPHRWKD,TOT,IDX2015,A,2016,101.355337,
DEU,GDPHRWKD,TOT,IDX2015,A,2017,103.162111,
DEU,GDPHRWKD,TOT,IDX2015,A,2018,103.203085,
DEU,GDPHRWKD,TOT,IDX2015,A,2019,103.582387,
DEU,GDPHRWKD,TOT,IDX2015,A,2020,103.97942,
GRC,GDPHRWKD,TOT,IDX2015,A,2001,103.993679,
GRC,GDPHRWKD,TOT,IDX2015,A,2002,105.917381,
GRC,GDPHRWKD,TOT,IDX2015,A,2003,110.580313,
GRC,GDPHRWKD,TOT,IDX2015,A,2004,113.958502,
GRC,GDPHRWKD,TOT,IDX2015,A,2005,110.725209,
GRC,GDPHRWKD,TOT,IDX2015,A,2006,115.465677,
GRC,GDPHRWKD,TOT,IDX2015,A,2007,118.483982,
GRC,GDPHRWKD,TOT,IDX2015,A,2008,116.82998,
GRC,GDPHRWKD,TOT,IDX2015,A,2009,113.806628,
GRC,GDPHRWKD,TOT,IDX2015,A,2010,112.773708,
GRC,GDPHRWKD,TOT,IDX2015,A,2011,104.824015,
GRC,GDPHRWKD,TOT,IDX2015,A,2012,99.393633,
GRC,GDPHRWKD,TOT,IDX2015,A,2013,97.118275,
GRC,GDPHRWKD,TOT,IDX2015,A,2014,96.547255,
GRC,GDPHRWKD,TOT,IDX2015,A,2015,100,
GRC,GDPHRWKD,TOT,IDX2015,A,2016,95.84495,
GRC,GDPHRWKD,TOT,IDX2015,A,2017,97.190337,
GRC,GDPHRWKD,TOT,IDX2015,A,2018,93.617747,
GRC,GDPHRWKD,TOT,IDX2015,A,2019,96.692463,
GRC,GDPHRWKD,TOT,IDX2015,A,2020,98.967287,
HUN,GDPHRWKD,TOT,IDX2015,A,2001,73.254053,
HUN,GDPHRWKD,TOT,IDX2015,A,2002,77.421393,
HUN,GDPHRWKD,TOT,IDX2015,A,2003,80.224137,
HUN,GDPHRWKD,TOT,IDX2015,A,2004,85.038384,
HUN,GDPHRWKD,TOT,IDX2015,A,2005,90.531794,
HUN,GDPHRWKD,TOT,IDX2015,A,2006,94.382088,
HUN,GDPHRWKD,TOT,IDX2015,A,2007,96.726055,
HUN,GDPHRWKD,TOT,IDX2015,A,2008,99.283985,
HUN,GDPHRWKD,TOT,IDX2015,A,2009,96.292534,
HUN,GDPHRWKD,TOT,IDX2015,A,2010,97.54005,B
HUN,GDPHRWKD,TOT,IDX2015,A,2011,100.111419,
HUN,GDPHRWKD,TOT,IDX2015,A,2012,98.821862,
HUN,GDPHRWKD,TOT,IDX2015,A,2013,99.597047,
HUN,GDPHRWKD,TOT,IDX2015,A,2014,98.428466,
HUN,GDPHRWKD,TOT,IDX2015,A,2015,100,
HUN,GDPHRWKD,TOT,IDX2015,A,2016,97.731187,
HUN,GDPHRWKD,TOT,IDX2015,A,2017,100.713457,
HUN,GDPHRWKD,TOT,IDX2015,A,2018,104.792472,
HUN,GDPHRWKD,TOT,IDX2015,A,2019,108.838727,
HUN,GDPHRWKD,TOT,IDX2015,A,2020,112.09791,
ISL,GDPHRWKD,TOT,IDX2015,A,2001,70.773632,
ISL,GDPHRWKD,TOT,IDX2015,A,2002,73.725894,
ISL,GDPHRWKD,TOT,IDX2015,A,2003,76.626231,
ISL,GDPHRWKD,TOT,IDX2015,A,2004,82.619162,
ISL,GDPHRWKD,TOT,IDX2015,A,2005,85.326985,
ISL,GDPHRWKD,TOT,IDX2015,A,2006,86.866812,
ISL,GDPHRWKD,TOT,IDX2015,A,2007,91.359717,
ISL,GDPHRWKD,TOT,IDX2015,A,2008,91.303145,
ISL,GDPHRWKD,TOT,IDX2015,A,2009,97.143961,
ISL,GDPHRWKD,TOT,IDX2015,A,2010,96.145908,
ISL,GDPHRWKD,TOT,IDX2015,A,2011,96.228729,
ISL,GDPHRWKD,TOT,IDX2015,A,2012,96.367313,
ISL,GDPHRWKD,TOT,IDX2015,A,2013,98.391482,
ISL,GDPHRWKD,TOT,IDX2015,A,2014,98.347418,
ISL,GDPHRWKD,TOT,IDX2015,A,2015,100,
ISL,GDPHRWKD,TOT,IDX2015,A,2016,101.109382,
ISL,GDPHRWKD,TOT,IDX2015,A,2017,101.932426,
ISL,GDPHRWKD,TOT,IDX2015,A,2018,104.542239,
ISL,GDPHRWKD,TOT,IDX2015,A,2019,108.374502,
ISL,GDPHRWKD,TOT,IDX2015,A,2020,108.794555,
IRL,GDPHRWKD,TOT,IDX2015,A,2001,60.427816,
IRL,GDPHRWKD,TOT,IDX2015,A,2002,63.636935,
IRL,GDPHRWKD,TOT,IDX2015,A,2003,64.954182,
IRL,GDPHRWKD,TOT,IDX2015,A,2004,67.4984,
IRL,GDPHRWKD,TOT,IDX2015,A,2005,67.741982,
IRL,GDPHRWKD,TOT,IDX2015,A,2006,68.132518,
IRL,GDPHRWKD,TOT,IDX2015,A,2007,69.254072,
IRL,GDPHRWKD,TOT,IDX2015,A,2008,67.325415,
IRL,GDPHRWKD,TOT,IDX2015,A,2009,70.555334,
IRL,GDPHRWKD,TOT,IDX2015,A,2010,78.787149,B
IRL,GDPHRWKD,TOT,IDX2015,A,2011,80.655112,
IRL,GDPHRWKD,TOT,IDX2015,A,2012,80.994014,
IRL,GDPHRWKD,TOT,IDX2015,A,2013,79.414746,
IRL,GDPHRWKD,TOT,IDX2015,A,2014,83.416165,
IRL,GDPHRWKD,TOT,IDX2015,A,2015,100,
IRL,GDPHRWKD,TOT,IDX2015,A,2016,98.812969,
IRL,GDPHRWKD,TOT,IDX2015,A,2017,103.801225,
IRL,GDPHRWKD,TOT,IDX2015,A,2018,109.265966,
IRL,GDPHRWKD,TOT,IDX2015,A,2019,112.090138,
IRL,GDPHRWKD,TOT,IDX2015,A,2020,122.434186,
ITA,GDPHRWKD,TOT,IDX2015,A,2001,99.78275,
ITA,GDPHRWKD,TOT,IDX2015,A,2002,99.00028,
ITA,GDPHRWKD,TOT,IDX2015,A,2003,98.298734,
ITA,GDPHRWKD,TOT,IDX2015,A,2004,99.123067,
ITA,GDPHRWKD,TOT,IDX2015,A,2005,99.565938,
ITA,GDPHRWKD,TOT,IDX2015,A,2006,99.346739,
ITA,GDPHRWKD,TOT,IDX2015,A,2007,99.271227,
ITA,GDPHRWKD,TOT,IDX2015,A,2008,98.70518,
ITA,GDPHRWKD,TOT,IDX2015,A,2009,96.73892,
ITA,GDPHRWKD,TOT,IDX2015,A,2010,98.938252,
ITA,GDPHRWKD,TOT,IDX2015,A,2011,99.606174,
ITA,GDPHRWKD,TOT,IDX2015,A,2012,99.073743,
ITA,GDPHRWKD,TOT,IDX2015,A,2013,99.86123,
ITA,GDPHRWKD,TOT,IDX2015,A,2014,99.940667,
ITA,GDPHRWKD,TOT,IDX2015,A,2015,100,
ITA,GDPHRWKD,TOT,IDX2015,A,2016,99.692606,
ITA,GDPHRWKD,TOT,IDX2015,A,2017,100.335718,
ITA,GDPHRWKD,TOT,IDX2015,A,2018,100.323292,
ITA,GDPHRWKD,TOT,IDX2015,A,2019,100.755451,
ITA,GDPHRWKD,TOT,IDX2015,A,2020,103.03525,
JPN,GDPHRWKD,TOT,IDX2015,A,2001,85.752674,
JPN,GDPHRWKD,TOT,IDX2015,A,2002,87.332856,
JPN,GDPHRWKD,TOT,IDX2015,A,2003,88.57762,
JPN,GDPHRWKD,TOT,IDX2015,A,2004,90.604633,
JPN,GDPHRWKD,TOT,IDX2015,A,2005,92.124341,
JPN,GDPHRWKD,TOT,IDX2015,A,2006,92.27258,
JPN,GDPHRWKD,TOT,IDX2015,A,2007,92.852104,
JPN,GDPHRWKD,TOT,IDX2015,A,2008,92.582326,
JPN,GDPHRWKD,TOT,IDX2015,A,2009,91.266296,
JPN,GDPHRWKD,TOT,IDX2015,A,2010,94.087959,
JPN,GDPHRWKD,TOT,IDX2015,A,2011,94.680171,
JPN,GDPHRWKD,TOT,IDX2015,A,2012,95.716034,
JPN,GDPHRWKD,TOT,IDX2015,A,2013,97.855026,
JPN,GDPHRWKD,TOT,IDX2015,A,2014,98.028532,
JPN,GDPHRWKD,TOT,IDX2015,A,2015,100,
JPN,GDPHRWKD,TOT,IDX2015,A,2016,100.100485,
JPN,GDPHRWKD,TOT,IDX2015,A,2017,101.015295,
JPN,GDPHRWKD,TOT,IDX2015,A,2018,101.54942,
JPN,GDPHRWKD,TOT,IDX2015,A,2019,103.130094,
JPN,GDPHRWKD,TOT,IDX2015,A,2020,104.530906,E
KOR,GDPHRWKD,TOT,IDX2015,A,2001,57.749912,
KOR,GDPHRWKD,TOT,IDX2015,A,2002,61.555051,
KOR,GDPHRWKD,TOT,IDX2015,A,2003,64.411473,
KOR,GDPHRWKD,TOT,IDX2015,A,2004,67.327239,
KOR,GDPHRWKD,TOT,IDX2015,A,2005,70.49439,
KOR,GDPHRWKD,TOT,IDX2015,A,2006,73.429329,
KOR,GDPHRWKD,TOT,IDX2015,A,2007,78.075747,
KOR,GDPHRWKD,TOT,IDX2015,A,2008,82.473976,
KOR,GDPHRWKD,TOT,IDX2015,A,2009,85.326469,
KOR,GDPHRWKD,TOT,IDX2015,A,2010,90.409766,
KOR,GDPHRWKD,TOT,IDX2015,A,2011,93.025425,
KOR,GDPHRWKD,TOT,IDX2015,A,2012,94.337746,
KOR,GDPHRWKD,TOT,IDX2015,A,2013,96.456293,
KOR,GDPHRWKD,TOT,IDX2015,A,2014,98.65271,
KOR,GDPHRWKD,TOT,IDX2015,A,2015,100,
KOR,GDPHRWKD,TOT,IDX2015,A,2016,102.785021,
KOR,GDPHRWKD,TOT,IDX2015,A,2017,107.376218,
KOR,GDPHRWKD,TOT,IDX2015,A,2018,111.478289,
KOR,GDPHRWKD,TOT,IDX2015,A,2019,114.112628,
KOR,GDPHRWKD,TOT,IDX2015,A,2020,117.585763,
LUX,GDPHRWKD,TOT,IDX2015,A,2001,95.946411,
LUX,GDPHRWKD,TOT,IDX2015,A,2002,96.679855,
LUX,GDPHRWKD,TOT,IDX2015,A,2003,97.386617,
LUX,GDPHRWKD,TOT,IDX2015,A,2004,99.194248,
LUX,GDPHRWKD,TOT,IDX2015,A,2005,100.180217,
LUX,GDPHRWKD,TOT,IDX2015,A,2006,102.262274,
LUX,GDPHRWKD,TOT,IDX2015,A,2007,104.976601,
LUX,GDPHRWKD,TOT,IDX2015,A,2008,99.90781,
LUX,GDPHRWKD,TOT,IDX2015,A,2009,99.706148,
LUX,GDPHRWKD,TOT,IDX2015,A,2010,101.385352,
LUX,GDPHRWKD,TOT,IDX2015,A,2011,99.600059,
LUX,GDPHRWKD,TOT,IDX2015,A,2012,99.210285,
LUX,GDPHRWKD,TOT,IDX2015,A,2013,101.025243,
LUX,GDPHRWKD,TOT,IDX2015,A,2014,100.774324,
LUX,GDPHRWKD,TOT,IDX2015,A,2015,100,
LUX,GDPHRWKD,TOT,IDX2015,A,2016,101.989921,
LUX,GDPHRWKD,TOT,IDX2015,A,2017,100.480067,
LUX,GDPHRWKD,TOT,IDX2015,A,2018,98.822155,
LUX,GDPHRWKD,TOT,IDX2015,A,2019,98.793493,
LUX,GDPHRWKD,TOT,IDX2015,A,2020,101.085592,
MEX,GDPHRWKD,TOT,IDX2015,A,2001,99.77813,
MEX,GDPHRWKD,TOT,IDX2015,A,2002,95.225376,
MEX,GDPHRWKD,TOT,IDX2015,A,2003,98.204188,
MEX,GDPHRWKD,TOT,IDX2015,A,2004,99.555085,
MEX,GDPHRWKD,TOT,IDX2015,A,2005,98.186594,
MEX,GDPHRWKD,TOT,IDX2015,A,2006,101.377077,
MEX,GDPHRWKD,TOT,IDX2015,A,2007,102.76496,
MEX,GDPHRWKD,TOT,IDX2015,A,2008,99.374441,
MEX,GDPHRWKD,TOT,IDX2015,A,2009,99.354338,
MEX,GDPHRWKD,TOT,IDX2015,A,2010,94.410284,B
MEX,GDPHRWKD,TOT,IDX2015,A,2011,97.059026,
MEX,GDPHRWKD,TOT,IDX2015,A,2012,97.422982,
MEX,GDPHRWKD,TOT,IDX2015,A,2013,96.956743,
MEX,GDPHRWKD,TOT,IDX2015,A,2014,99.425869,E
MEX,GDPHRWKD,TOT,IDX2015,A,2015,100,E
MEX,GDPHRWKD,TOT,IDX2015,A,2016,100.393125,E
MEX,GDPHRWKD,TOT,IDX2015,A,2017,100.928764,E
MEX,GDPHRWKD,TOT,IDX2015,A,2018,100.453035,E
MEX,GDPHRWKD,TOT,IDX2015,A,2019,98.428091,E
MEX,GDPHRWKD,TOT,IDX2015,A,2020,98.212367,E
NLD,GDPHRWKD,TOT,IDX2015,A,2001,88.894109,
NLD,GDPHRWKD,TOT,IDX2015,A,2002,89.542943,
NLD,GDPHRWKD,TOT,IDX2015,A,2003,90.725272,
NLD,GDPHRWKD,TOT,IDX2015,A,2004,92.289979,
NLD,GDPHRWKD,TOT,IDX2015,A,2005,94.493797,
NLD,GDPHRWKD,TOT,IDX2015,A,2006,95.899245,
NLD,GDPHRWKD,TOT,IDX2015,A,2007,96.756054,
NLD,GDPHRWKD,TOT,IDX2015,A,2008,97.311535,
NLD,GDPHRWKD,TOT,IDX2015,A,2009,95.116484,
NLD,GDPHRWKD,TOT,IDX2015,A,2010,97.080729,
NLD,GDPHRWKD,TOT,IDX2015,A,2011,97.702861,
NLD,GDPHRWKD,TOT,IDX2015,A,2012,97.557434,
NLD,GDPHRWKD,TOT,IDX2015,A,2013,98.298779,
NLD,GDPHRWKD,TOT,IDX2015,A,2014,99.026646,
NLD,GDPHRWKD,TOT,IDX2015,A,2015,100,
NLD,GDPHRWKD,TOT,IDX2015,A,2016,99.844061,
NLD,GDPHRWKD,TOT,IDX2015,A,2017,100.387115,
NLD,GDPHRWKD,TOT,IDX2015,A,2018,100.064801,
NLD,GDPHRWKD,TOT,IDX2015,A,2019,99.893494,
NLD,GDPHRWKD,TOT,IDX2015,A,2020,98.75522,
NZL,GDPHRWKD,TOT,IDX2015,A,2001,85.636808,
NZL,GDPHRWKD,TOT,IDX2015,A,2002,87.301726,
NZL,GDPHRWKD,TOT,IDX2015,A,2003,88.964136,
NZL,GDPHRWKD,TOT,IDX2015,A,2004,88.634374,
NZL,GDPHRWKD,TOT,IDX2015,A,2005,88.5507,
NZL,GDPHRWKD,TOT,IDX2015,A,2006,89.768318,
NZL,GDPHRWKD,TOT,IDX2015,A,2007,93.32085,
NZL,GDPHRWKD,TOT,IDX2015,A,2008,90.255753,
NZL,GDPHRWKD,TOT,IDX2015,A,2009,95.080884,
NZL,GDPHRWKD,TOT,IDX2015,A,2010,94.251295,
NZL,GDPHRWKD,TOT,IDX2015,A,2011,96.075462,
NZL,GDPHRWKD,TOT,IDX2015,A,2012,99.678789,
NZL,GDPHRWKD,TOT,IDX2015,A,2013,97.642348,
NZL,GDPHRWKD,TOT,IDX2015,A,2014,97.569659,
NZL,GDPHRWKD,TOT,IDX2015,A,2015,100,
NZL,GDPHRWKD,TOT,IDX2015,A,2016,99.019008,
NZL,GDPHRWKD,TOT,IDX2015,A,2017,99.202682,
NZL,GDPHRWKD,TOT,IDX2015,A,2018,101.447958,
NZL,GDPHRWKD,TOT,IDX2015,A,2019,100.338118,
NZL,GDPHRWKD,TOT,IDX2015,A,2020,101.295082,E
NOR,GDPHRWKD,TOT,IDX2015,A,2001,93.902457,
NOR,GDPHRWKD,TOT,IDX2015,A,2002,95.987927,
NOR,GDPHRWKD,TOT,IDX2015,A,2003,99.070481,
NOR,GDPHRWKD,TOT,IDX2015,A,2004,101.076825,
NOR,GDPHRWKD,TOT,IDX2015,A,2005,102.133698,
NOR,GDPHRWKD,TOT,IDX2015,A,2006,101.401585,
NOR,GDPHRWKD,TOT,IDX2015,A,2007,99.654873,
NOR,GDPHRWKD,TOT,IDX2015,A,2008,96.700109,
NOR,GDPHRWKD,TOT,IDX2015,A,2009,96.831968,
NOR,GDPHRWKD,TOT,IDX2015,A,2010,97.244339,
NOR,GDPHRWKD,TOT,IDX2015,A,2011,96.480119,
NOR,GDPHRWKD,TOT,IDX2015,A,2012,97.306488,
NOR,GDPHRWKD,TOT,IDX2015,A,2013,97.924325,
NOR,GDPHRWKD,TOT,IDX2015,A,2014,98.6321,
NOR,GDPHRWKD,TOT,IDX2015,A,2015,100,
NOR,GDPHRWKD,TOT,IDX2015,A,2016,100.577258,
NOR,GDPHRWKD,TOT,IDX2015,A,2017,102.518137,
NOR,GDPHRWKD,TOT,IDX2015,A,2018,102.017169,
NOR,GDPHRWKD,TOT,IDX2015,A,2019,101.245155,
NOR,GDPHRWKD,TOT,IDX2015,A,2020,102.662632,
POL,GDPHRWKD,TOT,IDX2015,A,2001,67.3601,
POL,GDPHRWKD,TOT,IDX2015,A,2002,71.06235,
POL,GDPHRWKD,TOT,IDX2015,A,2003,74.054165,
POL,GDPHRWKD,TOT,IDX2015,A,2004,76.872942,
POL,GDPHRWKD,TOT,IDX2015,A,2005,78.057264,
POL,GDPHRWKD,TOT,IDX2015,A,2006,80.50747,
POL,GDPHRWKD,TOT,IDX2015,A,2007,82.484576,
POL,GDPHRWKD,TOT,IDX2015,A,2008,82.981431,
POL,GDPHRWKD,TOT,IDX2015,A,2009,85.57716,
POL,GDPHRWKD,TOT,IDX2015,A,2010,91.34832,B
POL,GDPHRWKD,TOT,IDX2015,A,2011,95.625768,
POL,GDPHRWKD,TOT,IDX2015,A,2012,96.782511,
POL,GDPHRWKD,TOT,IDX2015,A,2013,98.211823,
POL,GDPHRWKD,TOT,IDX2015,A,2014,99.531555,
POL,GDPHRWKD,TOT,IDX2015,A,2015,100,
POL,GDPHRWKD,TOT,IDX2015,A,2016,104.042998,
POL,GDPHRWKD,TOT,IDX2015,A,2017,108.998817,
POL,GDPHRWKD,TOT,IDX2015,A,2018,115.685002,
POL,GDPHRWKD,TOT,IDX2015,A,2019,121.489302,
POL,GDPHRWKD,TOT,IDX2015,A,2020,119.562206,
PRT,GDPHRWKD,TOT,IDX2015,A,2001,87.039621,
PRT,GDPHRWKD,TOT,IDX2015,A,2002,87.672445,
PRT,GDPHRWKD,TOT,IDX2015,A,2003,88.056171,
PRT,GDPHRWKD,TOT,IDX2015,A,2004,89.958706,
PRT,GDPHRWKD,TOT,IDX2015,A,2005,90.975659,
PRT,GDPHRWKD,TOT,IDX2015,A,2006,92.672927,
PRT,GDPHRWKD,TOT,IDX2015,A,2007,94.116492,
PRT,GDPHRWKD,TOT,IDX2015,A,2008,94.719908,
PRT,GDPHRWKD,TOT,IDX2015,A,2009,94.333384,
PRT,GDPHRWKD,TOT,IDX2015,A,2010,97.191481,
PRT,GDPHRWKD,TOT,IDX2015,A,2011,98.678431,
PRT,GDPHRWKD,TOT,IDX2015,A,2012,99.634845,
PRT,GDPHRWKD,TOT,IDX2015,A,2013,101.036178,
PRT,GDPHRWKD,TOT,IDX2015,A,2014,100.011532,
PRT,GDPHRWKD,TOT,IDX2015,A,2015,100,
PRT,GDPHRWKD,TOT,IDX2015,A,2016,100.10612,
PRT,GDPHRWKD,TOT,IDX2015,A,2017,100.90163,
PRT,GDPHRWKD,TOT,IDX2015,A,2018,100.781705,
PRT,GDPHRWKD,TOT,IDX2015,A,2019,102.263339,
PRT,GDPHRWKD,TOT,IDX2015,A,2020,103.202866,
SVK,GDPHRWKD,TOT,IDX2015,A,2001,60.682543,
SVK,GDPHRWKD,TOT,IDX2015,A,2002,65.045363,
SVK,GDPHRWKD,TOT,IDX2015,A,2003,70.147427,
SVK,GDPHRWKD,TOT,IDX2015,A,2004,72.132823,
SVK,GDPHRWKD,TOT,IDX2015,A,2005,74.512853,
SVK,GDPHRWKD,TOT,IDX2015,A,2006,78.971349,
SVK,GDPHRWKD,TOT,IDX2015,A,2007,84.931627,
SVK,GDPHRWKD,TOT,IDX2015,A,2008,86.762089,
SVK,GDPHRWKD,TOT,IDX2015,A,2009,84.278037,
SVK,GDPHRWKD,TOT,IDX2015,A,2010,89.708119,
SVK,GDPHRWKD,TOT,IDX2015,A,2011,91.081677,
SVK,GDPHRWKD,TOT,IDX2015,A,2012,92.47675,
SVK,GDPHRWKD,TOT,IDX2015,A,2013,94.73459,
SVK,GDPHRWKD,TOT,IDX2015,A,2014,96.617394,
SVK,GDPHRWKD,TOT,IDX2015,A,2015,100,
SVK,GDPHRWKD,TOT,IDX2015,A,2016,100.367794,
SVK,GDPHRWKD,TOT,IDX2015,A,2017,102.675516,
SVK,GDPHRWKD,TOT,IDX2015,A,2018,105.077678,
SVK,GDPHRWKD,TOT,IDX2015,A,2019,107.453135,
SVK,GDPHRWKD,TOT,IDX2015,A,2020,112.741479,
ESP,GDPHRWKD,TOT,IDX2015,A,2001,87.034488,
ESP,GDPHRWKD,TOT,IDX2015,A,2002,87.169488,
ESP,GDPHRWKD,TOT,IDX2015,A,2003,87.42888,
ESP,GDPHRWKD,TOT,IDX2015,A,2004,87.709148,
ESP,GDPHRWKD,TOT,IDX2015,A,2005,88.051732,
ESP,GDPHRWKD,TOT,IDX2015,A,2006,88.566664,
ESP,GDPHRWKD,TOT,IDX2015,A,2007,89.545518,
ESP,GDPHRWKD,TOT,IDX2015,A,2008,89.776125,
ESP,GDPHRWKD,TOT,IDX2015,A,2009,91.93968,
ESP,GDPHRWKD,TOT,IDX2015,A,2010,94.276945,
ESP,GDPHRWKD,TOT,IDX2015,A,2011,95.668725,
ESP,GDPHRWKD,TOT,IDX2015,A,2012,97.513755,
ESP,GDPHRWKD,TOT,IDX2015,A,2013,98.920545,
ESP,GDPHRWKD,TOT,IDX2015,A,2014,99.21519,
ESP,GDPHRWKD,TOT,IDX2015,A,2015,100,
ESP,GDPHRWKD,TOT,IDX2015,A,2016,100.45087,
ESP,GDPHRWKD,TOT,IDX2015,A,2017,101.326447,
ESP,GDPHRWKD,TOT,IDX2015,A,2018,101.09914,
ESP,GDPHRWKD,TOT,IDX2015,A,2019,101.268026,
ESP,GDPHRWKD,TOT,IDX2015,A,2020,100.981177,
SWE,GDPHRWKD,TOT,IDX2015,A,2001,80.262382,
SWE,GDPHRWKD,TOT,IDX2015,A,2002,83.128808,
SWE,GDPHRWKD,TOT,IDX2015,A,2003,86.314152,
SWE,GDPHRWKD,TOT,IDX2015,A,2004,89.31643,
SWE,GDPHRWKD,TOT,IDX2015,A,2005,91.848343,
SWE,GDPHRWKD,TOT,IDX2015,A,2006,94.534737,
SWE,GDPHRWKD,TOT,IDX2015,A,2007,94.769659,
SWE,GDPHRWKD,TOT,IDX2015,A,2008,93.119593,
SWE,GDPHRWKD,TOT,IDX2015,A,2009,91.788093,
SWE,GDPHRWKD,TOT,IDX2015,A,2010,95.006093,
SWE,GDPHRWKD,TOT,IDX2015,A,2011,95.819936,
SWE,GDPHRWKD,TOT,IDX2015,A,2012,95.329224,
SWE,GDPHRWKD,TOT,IDX2015,A,2013,96.060682,
SWE,GDPHRWKD,TOT,IDX2015,A,2014,97.18603,
SWE,GDPHRWKD,TOT,IDX2015,A,2015,100,
SWE,GDPHRWKD,TOT,IDX2015,A,2016,99.401676,
SWE,GDPHRWKD,TOT,IDX2015,A,2017,100.32797,
SWE,GDPHRWKD,TOT,IDX2015,A,2018,100.657132,
SWE,GDPHRWKD,TOT,IDX2015,A,2019,103.033762,
SWE,GDPHRWKD,TOT,IDX2015,A,2020,103.299994,
CHE,GDPHRWKD,TOT,IDX2015,A,2001,88.41578,
CHE,GDPHRWKD,TOT,IDX2015,A,2002,88.93145,
CHE,GDPHRWKD,TOT,IDX2015,A,2003,88.496186,
CHE,GDPHRWKD,TOT,IDX2015,A,2004,89.114148,
CHE,GDPHRWKD,TOT,IDX2015,A,2005,91.285524,
CHE,GDPHRWKD,TOT,IDX2015,A,2006,93.520582,
CHE,GDPHRWKD,TOT,IDX2015,A,2007,95.398598,
CHE,GDPHRWKD,TOT,IDX2015,A,2008,96.278603,
CHE,GDPHRWKD,TOT,IDX2015,A,2009,94.329948,
CHE,GDPHRWKD,TOT,IDX2015,A,2010,97.780093,
CHE,GDPHRWKD,TOT,IDX2015,A,2011,97.323014,
CHE,GDPHRWKD,TOT,IDX2015,A,2012,97.740747,
CHE,GDPHRWKD,TOT,IDX2015,A,2013,99.574925,
CHE,GDPHRWKD,TOT,IDX2015,A,2014,100.651547,
CHE,GDPHRWKD,TOT,IDX2015,A,2015,100,
CHE,GDPHRWKD,TOT,IDX2015,A,2016,100.618826,
CHE,GDPHRWKD,TOT,IDX2015,A,2017,102.456507,
CHE,GDPHRWKD,TOT,IDX2015,A,2018,104.878716,
CHE,GDPHRWKD,TOT,IDX2015,A,2019,105.533024,
CHE,GDPHRWKD,TOT,IDX2015,A,2020,106.999896,
TUR,GDPHRWKD,TOT,IDX2015,A,2001,58.644301,
TUR,GDPHRWKD,TOT,IDX2015,A,2002,62.58398,
TUR,GDPHRWKD,TOT,IDX2015,A,2003,66.714299,
TUR,GDPHRWKD,TOT,IDX2015,A,2004,72.811026,
TUR,GDPHRWKD,TOT,IDX2015,A,2005,77.41099,
TUR,GDPHRWKD,TOT,IDX2015,A,2006,81.049621,
TUR,GDPHRWKD,TOT,IDX2015,A,2007,85.356239,
TUR,GDPHRWKD,TOT,IDX2015,A,2008,85.072964,
TUR,GDPHRWKD,TOT,IDX2015,A,2009,81.56416,
TUR,GDPHRWKD,TOT,IDX2015,A,2010,83.61935,
TUR,GDPHRWKD,TOT,IDX2015,A,2011,88.217277,
TUR,GDPHRWKD,TOT,IDX2015,A,2012,90.064868,
TUR,GDPHRWKD,TOT,IDX2015,A,2013,96.145215,
TUR,GDPHRWKD,TOT,IDX2015,A,2014,96.069172,
TUR,GDPHRWKD,TOT,IDX2015,A,2015,100,
TUR,GDPHRWKD,TOT,IDX2015,A,2016,102.29842,
TUR,GDPHRWKD,TOT,IDX2015,A,2017,107.165214,
TUR,GDPHRWKD,TOT,IDX2015,A,2018,109.870924,
TUR,GDPHRWKD,TOT,IDX2015,A,2019,114.132705,
TUR,GDPHRWKD,TOT,IDX2015,A,2020,121.981528,E
GBR,GDPHRWKD,TOT,IDX2015,A,2001,87.857765,
GBR,GDPHRWKD,TOT,IDX2015,A,2002,90.129925,
GBR,GDPHRWKD,TOT,IDX2015,A,2003,92.481652,
GBR,GDPHRWKD,TOT,IDX2015,A,2004,93.630483,
GBR,GDPHRWKD,TOT,IDX2015,A,2005,94.378997,
GBR,GDPHRWKD,TOT,IDX2015,A,2006,96.362592,
GBR,GDPHRWKD,TOT,IDX2015,A,2007,97.433012,
GBR,GDPHRWKD,TOT,IDX2015,A,2008,97.394462,
GBR,GDPHRWKD,TOT,IDX2015,A,2009,95.334379,
GBR,GDPHRWKD,TOT,IDX2015,A,2010,97.704543,
GBR,GDPHRWKD,TOT,IDX2015,A,2011,98.109655,
GBR,GDPHRWKD,TOT,IDX2015,A,2012,97.450315,
GBR,GDPHRWKD,TOT,IDX2015,A,2013,97.95185,
GBR,GDPHRWKD,TOT,IDX2015,A,2014,98.038907,
GBR,GDPHRWKD,TOT,IDX2015,A,2015,100,
GBR,GDPHRWKD,TOT,IDX2015,A,2016,99.734306,
GBR,GDPHRWKD,TOT,IDX2015,A,2017,101.191077,
GBR,GDPHRWKD,TOT,IDX2015,A,2018,101.647994,
GBR,GDPHRWKD,TOT,IDX2015,A,2019,102.172898,
GBR,GDPHRWKD,TOT,IDX2015,A,2020,104.608418,
USA,GDPHRWKD,TOT,IDX2015,A,2001,80.660218,
USA,GDPHRWKD,TOT,IDX2015,A,2002,82.891625,
USA,GDPHRWKD,TOT,IDX2015,A,2003,85.398085,
USA,GDPHRWKD,TOT,IDX2015,A,2004,87.632516,
USA,GDPHRWKD,TOT,IDX2015,A,2005,89.463196,
USA,GDPHRWKD,TOT,IDX2015,A,2006,90.31024,
USA,GDPHRWKD,TOT,IDX2015,A,2007,91.57842,
USA,GDPHRWKD,TOT,IDX2015,A,2008,92.751305,
USA,GDPHRWKD,TOT,IDX2015,A,2009,95.715647,
USA,GDPHRWKD,TOT,IDX2015,A,2010,98.245288,
USA,GDPHRWKD,TOT,IDX2015,A,2011,98.282918,
USA,GDPHRWKD,TOT,IDX2015,A,2012,98.653951,
USA,GDPHRWKD,TOT,IDX2015,A,2013,99.073648,
USA,GDPHRWKD,TOT,IDX2015,A,2014,99.446088,
USA,GDPHRWKD,TOT,IDX2015,A,2015,100,
USA,GDPHRWKD,TOT,IDX2015,A,2016,100.302963,
USA,GDPHRWKD,TOT,IDX2015,A,2017,101.258731,
USA,GDPHRWKD,TOT,IDX2015,A,2018,102.326631,
USA,GDPHRWKD,TOT,IDX2015,A,2019,103.590779,
USA,GDPHRWKD,TOT,IDX2015,A,2020,106.263359,
BGR,GDPHRWKD,TOT,IDX2015,A,2001,66.269869,
BGR,GDPHRWKD,TOT,IDX2015,A,2002,70.025906,
BGR,GDPHRWKD,TOT,IDX2015,A,2003,72.045881,
BGR,GDPHRWKD,TOT,IDX2015,A,2004,73.755077,
BGR,GDPHRWKD,TOT,IDX2015,A,2005,77.11784,
BGR,GDPHRWKD,TOT,IDX2015,A,2006,79.920127,
BGR,GDPHRWKD,TOT,IDX2015,A,2007,82.545193,
BGR,GDPHRWKD,TOT,IDX2015,A,2008,83.600657,
BGR,GDPHRWKD,TOT,IDX2015,A,2009,84.639759,
BGR,GDPHRWKD,TOT,IDX2015,A,2010,89.490574,
BGR,GDPHRWKD,TOT,IDX2015,A,2011,93.498556,
BGR,GDPHRWKD,TOT,IDX2015,A,2012,96.570846,
BGR,GDPHRWKD,TOT,IDX2015,A,2013,96.414173,
BGR,GDPHRWKD,TOT,IDX2015,A,2014,97.043797,
BGR,GDPHRWKD,TOT,IDX2015,A,2015,100,
BGR,GDPHRWKD,TOT,IDX2015,A,2016,102.582152,
BGR,GDPHRWKD,TOT,IDX2015,A,2017,103.579945,
BGR,GDPHRWKD,TOT,IDX2015,A,2018,106.387642,
BGR,GDPHRWKD,TOT,IDX2015,A,2019,110.263892,
BGR,GDPHRWKD,TOT,IDX2015,A,2020,110.644324,
CHL,GDPHRWKD,TOT,IDX2015,A,2001,74.706152,
CHL,GDPHRWKD,TOT,IDX2015,A,2002,75.368709,
CHL,GDPHRWKD,TOT,IDX2015,A,2003,76.002736,
CHL,GDPHRWKD,TOT,IDX2015,A,2004,79.563322,
CHL,GDPHRWKD,TOT,IDX2015,A,2005,83.809638,
CHL,GDPHRWKD,TOT,IDX2015,A,2006,87.263045,
CHL,GDPHRWKD,TOT,IDX2015,A,2007,90.627313,
CHL,GDPHRWKD,TOT,IDX2015,A,2008,92.623983,
CHL,GDPHRWKD,TOT,IDX2015,A,2009,92.705822,
CHL,GDPHRWKD,TOT,IDX2015,A,2010,89.581258,
CHL,GDPHRWKD,TOT,IDX2015,A,2011,91.394871,
CHL,GDPHRWKD,TOT,IDX2015,A,2012,95.567897,B
CHL,GDPHRWKD,TOT,IDX2015,A,2013,97.677607,
CHL,GDPHRWKD,TOT,IDX2015,A,2014,99.253906,
CHL,GDPHRWKD,TOT,IDX2015,A,2015,100,
CHL,GDPHRWKD,TOT,IDX2015,A,2016,101.44408,
CHL,GDPHRWKD,TOT,IDX2015,A,2017,101.386041,
CHL,GDPHRWKD,TOT,IDX2015,A,2018,104.126118,
CHL,GDPHRWKD,TOT,IDX2015,A,2019,105.126334,
CHL,GDPHRWKD,TOT,IDX2015,A,2020,119.393799,E
CRI,GDPHRWKD,TOT,IDX2015,A,2001,67.691545,
CRI,GDPHRWKD,TOT,IDX2015,A,2002,68.151409,
CRI,GDPHRWKD,TOT,IDX2015,A,2003,69.11186,
CRI,GDPHRWKD,TOT,IDX2015,A,2004,70.84245,
CRI,GDPHRWKD,TOT,IDX2015,A,2005,69.609736,
CRI,GDPHRWKD,TOT,IDX2015,A,2006,72.355632,
CRI,GDPHRWKD,TOT,IDX2015,A,2007,73.340227,
CRI,GDPHRWKD,TOT,IDX2015,A,2008,75.650728,
CRI,GDPHRWKD,TOT,IDX2015,A,2009,77.795111,
CRI,GDPHRWKD,TOT,IDX2015,A,2010,86.883473,
CRI,GDPHRWKD,TOT,IDX2015,A,2011,91.054479,
CRI,GDPHRWKD,TOT,IDX2015,A,2012,89.785124,
CRI,GDPHRWKD,TOT,IDX2015,A,2013,94.482413,
CRI,GDPHRWKD,TOT,IDX2015,A,2014,96.884612,
CRI,GDPHRWKD,TOT,IDX2015,A,2015,100,
CRI,GDPHRWKD,TOT,IDX2015,A,2016,104.38458,
CRI,GDPHRWKD,TOT,IDX2015,A,2017,106.846175,
CRI,GDPHRWKD,TOT,IDX2015,A,2018,108.227453,
CRI,GDPHRWKD,TOT,IDX2015,A,2019,110.945826,
CRI,GDPHRWKD,TOT,IDX2015,A,2020,128.124559,
HRV,GDPHRWKD,TOT,IDX2015,A,2001,77.980028,
HRV,GDPHRWKD,TOT,IDX2015,A,2002,81.839435,
HRV,GDPHRWKD,TOT,IDX2015,A,2003,84.315174,
HRV,GDPHRWKD,TOT,IDX2015,A,2004,87.07286,
HRV,GDPHRWKD,TOT,IDX2015,A,2005,90.004982,
HRV,GDPHRWKD,TOT,IDX2015,A,2006,91.530624,
HRV,GDPHRWKD,TOT,IDX2015,A,2007,93.071565,
HRV,GDPHRWKD,TOT,IDX2015,A,2008,92.862535,
HRV,GDPHRWKD,TOT,IDX2015,A,2009,86.802774,
HRV,GDPHRWKD,TOT,IDX2015,A,2010,88.485046,
HRV,GDPHRWKD,TOT,IDX2015,A,2011,92.171409,
HRV,GDPHRWKD,TOT,IDX2015,A,2012,94.237025,
HRV,GDPHRWKD,TOT,IDX2015,A,2013,97.363655,
HRV,GDPHRWKD,TOT,IDX2015,A,2014,95.422127,
HRV,GDPHRWKD,TOT,IDX2015,A,2015,100,
HRV,GDPHRWKD,TOT,IDX2015,A,2016,102.845111,
HRV,GDPHRWKD,TOT,IDX2015,A,2017,104.42817,
HRV,GDPHRWKD,TOT,IDX2015,A,2018,105.473111,
HRV,GDPHRWKD,TOT,IDX2015,A,2019,104.361121,
HRV,GDPHRWKD,TOT,IDX2015,A,2020,97.286176,
EST,GDPHRWKD,TOT,IDX2015,A,2001,64.047757,
EST,GDPHRWKD,TOT,IDX2015,A,2002,68.323486,
EST,GDPHRWKD,TOT,IDX2015,A,2003,71.784218,
EST,GDPHRWKD,TOT,IDX2015,A,2004,76.650283,
EST,GDPHRWKD,TOT,IDX2015,A,2005,81.186504,
EST,GDPHRWKD,TOT,IDX2015,A,2006,85.277815,
EST,GDPHRWKD,TOT,IDX2015,A,2007,91.714391,
EST,GDPHRWKD,TOT,IDX2015,A,2008,88.532926,
EST,GDPHRWKD,TOT,IDX2015,A,2009,90.389314,
EST,GDPHRWKD,TOT,IDX2015,A,2010,95.230659,
EST,GDPHRWKD,TOT,IDX2015,A,2011,93.664216,
EST,GDPHRWKD,TOT,IDX2015,A,2012,96.782402,
EST,GDPHRWKD,TOT,IDX2015,A,2013,98.021637,
EST,GDPHRWKD,TOT,IDX2015,A,2014,100.545821,
EST,GDPHRWKD,TOT,IDX2015,A,2015,100,
EST,GDPHRWKD,TOT,IDX2015,A,2016,102.625491,
EST,GDPHRWKD,TOT,IDX2015,A,2017,105.666517,
EST,GDPHRWKD,TOT,IDX2015,A,2018,111.814508,
EST,GDPHRWKD,TOT,IDX2015,A,2019,115.812285,
EST,GDPHRWKD,TOT,IDX2015,A,2020,119.494037,
ISR,GDPHRWKD,TOT,IDX2015,A,2001,82.358129,
ISR,GDPHRWKD,TOT,IDX2015,A,2002,80.851109,
ISR,GDPHRWKD,TOT,IDX2015,A,2003,81.599705,
ISR,GDPHRWKD,TOT,IDX2015,A,2004,85.342457,
ISR,GDPHRWKD,TOT,IDX2015,A,2005,86.359897,
ISR,GDPHRWKD,TOT,IDX2015,A,2006,89.536154,
ISR,GDPHRWKD,TOT,IDX2015,A,2007,90.533683,
ISR,GDPHRWKD,TOT,IDX2015,A,2008,90.655056,
ISR,GDPHRWKD,TOT,IDX2015,A,2009,89.856922,
ISR,GDPHRWKD,TOT,IDX2015,A,2010,92.473969,
ISR,GDPHRWKD,TOT,IDX2015,A,2011,95.273824,
ISR,GDPHRWKD,TOT,IDX2015,A,2012,95.56551,
ISR,GDPHRWKD,TOT,IDX2015,A,2013,98.04925,
ISR,GDPHRWKD,TOT,IDX2015,A,2014,100.065602,
ISR,GDPHRWKD,TOT,IDX2015,A,2015,100,
ISR,GDPHRWKD,TOT,IDX2015,A,2016,100.730418,
ISR,GDPHRWKD,TOT,IDX2015,A,2017,102.671793,
ISR,GDPHRWKD,TOT,IDX2015,A,2018,105.35519,
ISR,GDPHRWKD,TOT,IDX2015,A,2019,108.366182,
ISR,GDPHRWKD,TOT,IDX2015,A,2020,115.05278,
LVA,GDPHRWKD,TOT,IDX2015,A,2001,56.283559,
LVA,GDPHRWKD,TOT,IDX2015,A,2002,60.917256,
LVA,GDPHRWKD,TOT,IDX2015,A,2003,65.987601,
LVA,GDPHRWKD,TOT,IDX2015,A,2004,73.144329,
LVA,GDPHRWKD,TOT,IDX2015,A,2005,79.160824,
LVA,GDPHRWKD,TOT,IDX2015,A,2006,83.707192,B
LVA,GDPHRWKD,TOT,IDX2015,A,2007,89.994833,
LVA,GDPHRWKD,TOT,IDX2015,A,2008,82.403122,
LVA,GDPHRWKD,TOT,IDX2015,A,2009,84.622465,
LVA,GDPHRWKD,TOT,IDX2015,A,2010,87.377691,
LVA,GDPHRWKD,TOT,IDX2015,A,2011,87.511457,
LVA,GDPHRWKD,TOT,IDX2015,A,2012,93.150214,
LVA,GDPHRWKD,TOT,IDX2015,A,2013,93.215768,
LVA,GDPHRWKD,TOT,IDX2015,A,2014,95.775412,
LVA,GDPHRWKD,TOT,IDX2015,A,2015,100,
LVA,GDPHRWKD,TOT,IDX2015,A,2016,102.617985,
LVA,GDPHRWKD,TOT,IDX2015,A,2017,106.954523,
LVA,GDPHRWKD,TOT,IDX2015,A,2018,108.900284,
LVA,GDPHRWKD,TOT,IDX2015,A,2019,113.762081,
LVA,GDPHRWKD,TOT,IDX2015,A,2020,116.112581,
LTU,GDPHRWKD,TOT,IDX2015,A,2001,59.565551,
LTU,GDPHRWKD,TOT,IDX2015,A,2002,62.371112,
LTU,GDPHRWKD,TOT,IDX2015,A,2003,68.056369,
LTU,GDPHRWKD,TOT,IDX2015,A,2004,69.69924,
LTU,GDPHRWKD,TOT,IDX2015,A,2005,74.519682,
LTU,GDPHRWKD,TOT,IDX2015,A,2006,80.479135,
LTU,GDPHRWKD,TOT,IDX2015,A,2007,86.262701,
LTU,GDPHRWKD,TOT,IDX2015,A,2008,88.313468,
LTU,GDPHRWKD,TOT,IDX2015,A,2009,84.507369,
LTU,GDPHRWKD,TOT,IDX2015,A,2010,87.956463,
LTU,GDPHRWKD,TOT,IDX2015,A,2011,94.030806,
LTU,GDPHRWKD,TOT,IDX2015,A,2012,95.949513,
LTU,GDPHRWKD,TOT,IDX2015,A,2013,98.904058,
LTU,GDPHRWKD,TOT,IDX2015,A,2014,100.775395,
LTU,GDPHRWKD,TOT,IDX2015,A,2015,100,
LTU,GDPHRWKD,TOT,IDX2015,A,2016,99.001723,
LTU,GDPHRWKD,TOT,IDX2015,A,2017,106.312372,
LTU,GDPHRWKD,TOT,IDX2015,A,2018,108.600526,
LTU,GDPHRWKD,TOT,IDX2015,A,2019,112.850442,
LTU,GDPHRWKD,TOT,IDX2015,A,2020,119.519344,
ROU,GDPHRWKD,TOT,IDX2015,A,2001,46.60375,
ROU,GDPHRWKD,TOT,IDX2015,A,2002,54.404485,
ROU,GDPHRWKD,TOT,IDX2015,A,2003,56.61756,
ROU,GDPHRWKD,TOT,IDX2015,A,2004,63.411225,
ROU,GDPHRWKD,TOT,IDX2015,A,2005,66.917114,
ROU,GDPHRWKD,TOT,IDX2015,A,2006,72.366538,
ROU,GDPHRWKD,TOT,IDX2015,A,2007,76.335734,
ROU,GDPHRWKD,TOT,IDX2015,A,2008,84.809551,
ROU,GDPHRWKD,TOT,IDX2015,A,2009,84.074427,
ROU,GDPHRWKD,TOT,IDX2015,A,2010,82.35654,
ROU,GDPHRWKD,TOT,IDX2015,A,2011,85.519836,
ROU,GDPHRWKD,TOT,IDX2015,A,2012,87.819072,B
ROU,GDPHRWKD,TOT,IDX2015,A,2013,92.196687,
ROU,GDPHRWKD,TOT,IDX2015,A,2014,95.538891,
ROU,GDPHRWKD,TOT,IDX2015,A,2015,100,
ROU,GDPHRWKD,TOT,IDX2015,A,2016,104.529363,
ROU,GDPHRWKD,TOT,IDX2015,A,2017,110.985401,
ROU,GDPHRWKD,TOT,IDX2015,A,2018,115.772584,
ROU,GDPHRWKD,TOT,IDX2015,A,2019,120.39482,
ROU,GDPHRWKD,TOT,IDX2015,A,2020,117.766872,
RUS,GDPHRWKD,TOT,IDX2015,A,2001,66.758437,
RUS,GDPHRWKD,TOT,IDX2015,A,2002,68.245369,
RUS,GDPHRWKD,TOT,IDX2015,A,2003,73.068583,
RUS,GDPHRWKD,TOT,IDX2015,A,2004,77.331225,
RUS,GDPHRWKD,TOT,IDX2015,A,2005,81.346256,
RUS,GDPHRWKD,TOT,IDX2015,A,2006,86.709834,
RUS,GDPHRWKD,TOT,IDX2015,A,2007,91.776863,
RUS,GDPHRWKD,TOT,IDX2015,A,2008,96.152366,
RUS,GDPHRWKD,TOT,IDX2015,A,2009,91.815928,
RUS,GDPHRWKD,TOT,IDX2015,A,2010,94.989062,
RUS,GDPHRWKD,TOT,IDX2015,A,2011,97.601403,
RUS,GDPHRWKD,TOT,IDX2015,A,2012,100.399305,
RUS,GDPHRWKD,TOT,IDX2015,A,2013,102.485456,
RUS,GDPHRWKD,TOT,IDX2015,A,2014,102.767518,
RUS,GDPHRWKD,TOT,IDX2015,A,2015,100,
RUS,GDPHRWKD,TOT,IDX2015,A,2016,100.301006,
RUS,GDPHRWKD,TOT,IDX2015,A,2017,101.982307,
RUS,GDPHRWKD,TOT,IDX2015,A,2018,105.010968,
RUS,GDPHRWKD,TOT,IDX2015,A,2019,108.312295,
RUS,GDPHRWKD,TOT,IDX2015,A,2020,112.299021,
SVN,GDPHRWKD,TOT,IDX2015,A,2001,78.951283,
SVN,GDPHRWKD,TOT,IDX2015,A,2002,79.298174,
SVN,GDPHRWKD,TOT,IDX2015,A,2003,81.746584,
SVN,GDPHRWKD,TOT,IDX2015,A,2004,84.427877,
SVN,GDPHRWKD,TOT,IDX2015,A,2005,90.134493,
SVN,GDPHRWKD,TOT,IDX2015,A,2006,95.478905,
SVN,GDPHRWKD,TOT,IDX2015,A,2007,99.578566,
SVN,GDPHRWKD,TOT,IDX2015,A,2008,99.443009,
SVN,GDPHRWKD,TOT,IDX2015,A,2009,93.167784,
SVN,GDPHRWKD,TOT,IDX2015,A,2010,96.366367,
SVN,GDPHRWKD,TOT,IDX2015,A,2011,99.864334,
SVN,GDPHRWKD,TOT,IDX2015,A,2012,99.292575,
SVN,GDPHRWKD,TOT,IDX2015,A,2013,98.320726,
SVN,GDPHRWKD,TOT,IDX2015,A,2014,99.445673,
SVN,GDPHRWKD,TOT,IDX2015,A,2015,100,
SVN,GDPHRWKD,TOT,IDX2015,A,2016,103.474614,
SVN,GDPHRWKD,TOT,IDX2015,A,2017,107.368238,
SVN,GDPHRWKD,TOT,IDX2015,A,2018,110.187721,
SVN,GDPHRWKD,TOT,IDX2015,A,2019,110.850369,
SVN,GDPHRWKD,TOT,IDX2015,A,2020,111.526471,
ZAF,GDPHRWKD,TOT,IDX2015,A,2001,70.394587,
ZAF,GDPHRWKD,TOT,IDX2015,A,2002,73.457397,
ZAF,GDPHRWKD,TOT,IDX2015,A,2003,78.717925,
ZAF,GDPHRWKD,TOT,IDX2015,A,2004,79.908688,
ZAF,GDPHRWKD,TOT,IDX2015,A,2005,77.458775,
ZAF,GDPHRWKD,TOT,IDX2015,A,2006,80.649985,
ZAF,GDPHRWKD,TOT,IDX2015,A,2007,84.435044,
ZAF,GDPHRWKD,TOT,IDX2015,A,2008,81.787373,
ZAF,GDPHRWKD,TOT,IDX2015,A,2009,84.032837,
ZAF,GDPHRWKD,TOT,IDX2015,A,2010,89.676764,
ZAF,GDPHRWKD,TOT,IDX2015,A,2011,90.006464,
ZAF,GDPHRWKD,TOT,IDX2015,A,2012,90.96521,
ZAF,GDPHRWKD,TOT,IDX2015,A,2013,90.957625,
ZAF,GDPHRWKD,TOT,IDX2015,A,2014,91.040101,
ZAF,GDPHRWKD,TOT,IDX2015,A,2015,100,E
ZAF,GDPHRWKD,TOT,IDX2015,A,2016,88.402926,E
ZAF,GDPHRWKD,TOT,IDX2015,A,2017,88.353923,E
ZAF,GDPHRWKD,TOT,IDX2015,A,2018,88.055115,E
ZAF,GDPHRWKD,TOT,IDX2015,A,2019,88.42503,E
EU28,GDPHRWKD,TOT,IDX2015,A,2001,86.145136,
EU28,GDPHRWKD,TOT,IDX2015,A,2002,87.933889,
EU28,GDPHRWKD,TOT,IDX2015,A,2003,89.10659,
EU28,GDPHRWKD,TOT,IDX2015,A,2004,90.588337,
EU28,GDPHRWKD,TOT,IDX2015,A,2005,91.611454,
EU28,GDPHRWKD,TOT,IDX2015,A,2006,93.13296,
EU28,GDPHRWKD,TOT,IDX2015,A,2007,94.026361,
EU28,GDPHRWKD,TOT,IDX2015,A,2008,93.746283,
EU28,GDPHRWKD,TOT,IDX2015,A,2009,92.525028,
EU28,GDPHRWKD,TOT,IDX2015,A,2010,95.222885,
EU28,GDPHRWKD,TOT,IDX2015,A,2011,96.694585,
EU28,GDPHRWKD,TOT,IDX2015,A,2012,97.10282,
EU28,GDPHRWKD,TOT,IDX2015,A,2013,97.978649,
EU28,GDPHRWKD,TOT,IDX2015,A,2014,98.589722,
EU28,GDPHRWKD,TOT,IDX2015,A,2015,100,
EU28,GDPHRWKD,TOT,IDX2015,A,2016,100.292359,
EU28,GDPHRWKD,TOT,IDX2015,A,2017,101.883035,
EU28,GDPHRWKD,TOT,IDX2015,A,2018,102.625273,
EU28,GDPHRWKD,TOT,IDX2015,A,2019,103.374516,
OECD,GDPHRWKD,TOT,IDX2015,A,2001,85.005413,
OECD,GDPHRWKD,TOT,IDX2015,A,2002,86.252502,
OECD,GDPHRWKD,TOT,IDX2015,A,2003,88.057482,
OECD,GDPHRWKD,TOT,IDX2015,A,2004,90.044662,
OECD,GDPHRWKD,TOT,IDX2015,A,2005,91.448771,
OECD,GDPHRWKD,TOT,IDX2015,A,2006,92.922055,
OECD,GDPHRWKD,TOT,IDX2015,A,2007,94.252316,
OECD,GDPHRWKD,TOT,IDX2015,A,2008,94.266876,
OECD,GDPHRWKD,TOT,IDX2015,A,2009,94.286245,
OECD,GDPHRWKD,TOT,IDX2015,A,2010,95.746915,
OECD,GDPHRWKD,TOT,IDX2015,A,2011,96.736192,
OECD,GDPHRWKD,TOT,IDX2015,A,2012,97.13671,
OECD,GDPHRWKD,TOT,IDX2015,A,2013,98.139239,
OECD,GDPHRWKD,TOT,IDX2015,A,2014,98.917002,
OECD,GDPHRWKD,TOT,IDX2015,A,2015,100,
OECD,GDPHRWKD,TOT,IDX2015,A,2016,100.546877,
OECD,GDPHRWKD,TOT,IDX2015,A,2017,102.140598,
OECD,GDPHRWKD,TOT,IDX2015,A,2018,103.172171,
OECD,GDPHRWKD,TOT,IDX2015,A,2019,104.500699,
OECD,GDPHRWKD,TOT,IDX2015,A,2020,107.89915,
G-7,GDPHRWKD,TOT,IDX2015,A,2001,84.648605,
G-7,GDPHRWKD,TOT,IDX2015,A,2002,86.435147,
G-7,GDPHRWKD,TOT,IDX2015,A,2003,88.053238,
G-7,GDPHRWKD,TOT,IDX2015,A,2004,89.824282,
G-7,GDPHRWKD,TOT,IDX2015,A,2005,91.363671,
G-7,GDPHRWKD,TOT,IDX2015,A,2006,92.312907,
G-7,GDPHRWKD,TOT,IDX2015,A,2007,93.171959,
G-7,GDPHRWKD,TOT,IDX2015,A,2008,93.602491,
G-7,GDPHRWKD,TOT,IDX2015,A,2009,94.12429,
G-7,GDPHRWKD,TOT,IDX2015,A,2010,96.392921,
G-7,GDPHRWKD,TOT,IDX2015,A,2011,97.096544,
G-7,GDPHRWKD,TOT,IDX2015,A,2012,97.539053,
G-7,GDPHRWKD,TOT,IDX2015,A,2013,98.447031,
G-7,GDPHRWKD,TOT,IDX2015,A,2014,99.055833,
G-7,GDPHRWKD,TOT,IDX2015,A,2015,100,
G-7,GDPHRWKD,TOT,IDX2015,A,2016,100.321926,
G-7,GDPHRWKD,TOT,IDX2015,A,2017,101.524878,
G-7,GDPHRWKD,TOT,IDX2015,A,2018,102.304265,
G-7,GDPHRWKD,TOT,IDX2015,A,2019,103.454925,
G-7,GDPHRWKD,TOT,IDX2015,A,2020,105.873745,
EA19,GDPHRWKD,TOT,IDX2015,A,2001,88.960167,
EA19,GDPHRWKD,TOT,IDX2015,A,2002,89.712543,
EA19,GDPHRWKD,TOT,IDX2015,A,2003,90.147946,
EA19,GDPHRWKD,TOT,IDX2015,A,2004,91.228176,
EA19,GDPHRWKD,TOT,IDX2015,A,2005,92.037773,
EA19,GDPHRWKD,TOT,IDX2015,A,2006,93.334487,
EA19,GDPHRWKD,TOT,IDX2015,A,2007,94.176462,
EA19,GDPHRWKD,TOT,IDX2015,A,2008,93.96785,
EA19,GDPHRWKD,TOT,IDX2015,A,2009,92.932121,
EA19,GDPHRWKD,TOT,IDX2015,A,2010,95.297207,
EA19,GDPHRWKD,TOT,IDX2015,A,2011,96.728067,
EA19,GDPHRWKD,TOT,IDX2015,A,2012,97.298893,
EA19,GDPHRWKD,TOT,IDX2015,A,2013,98.204151,
EA19,GDPHRWKD,TOT,IDX2015,A,2014,98.927776,
EA19,GDPHRWKD,TOT,IDX2015,A,2015,100,
EA19,GDPHRWKD,TOT,IDX2015,A,2016,100.29882,
EA19,GDPHRWKD,TOT,IDX2015,A,2017,101.81739,
EA19,GDPHRWKD,TOT,IDX2015,A,2018,101.899235,
EA19,GDPHRWKD,TOT,IDX2015,A,2019,102.492076,
EA19,GDPHRWKD,TOT,IDX2015,A,2020,104.064513,
EU27_2020,GDPHRWKD,TOT,IDX2015,A,2001,86.139718,
EU27_2020,GDPHRWKD,TOT,IDX2015,A,2002,87.82345,
EU27_2020,GDPHRWKD,TOT,IDX2015,A,2003,88.643291,
EU27_2020,GDPHRWKD,TOT,IDX2015,A,2004,90.074097,
EU27_2020,GDPHRWKD,TOT,IDX2015,A,2005,91.084984,
EU27_2020,GDPHRWKD,TOT,IDX2015,A,2006,92.58861,
EU27_2020,GDPHRWKD,TOT,IDX2015,A,2007,93.456443,
EU27_2020,GDPHRWKD,TOT,IDX2015,A,2008,93.211651,
EU27_2020,GDPHRWKD,TOT,IDX2015,A,2009,92.122412,
EU27_2020,GDPHRWKD,TOT,IDX2015,A,2010,94.865426,
EU27_2020,GDPHRWKD,TOT,IDX2015,A,2011,96.561251,
EU27_2020,GDPHRWKD,TOT,IDX2015,A,2012,97.082479,
EU27_2020,GDPHRWKD,TOT,IDX2015,A,2013,97.975906,
EU27_2020,GDPHRWKD,TOT,IDX2015,A,2014,98.635613,
EU27_2020,GDPHRWKD,TOT,IDX2015,A,2015,100,
EU27_2020,GDPHRWKD,TOT,IDX2015,A,2016,100.456237,
EU27_2020,GDPHRWKD,TOT,IDX2015,A,2017,102.20817,
EU27_2020,GDPHRWKD,TOT,IDX2015,A,2018,102.925907,
EU27_2020,GDPHRWKD,TOT,IDX2015,A,2019,103.949731,
EU27_2020,GDPHRWKD,TOT,IDX2015,A,2020,104.565034,
COL,GDPHRWKD,TOT,IDX2015,A,2001,77.595178,
COL,GDPHRWKD,TOT,IDX2015,A,2002,75.929476,
COL,GDPHRWKD,TOT,IDX2015,A,2003,76.076535,
COL,GDPHRWKD,TOT,IDX2015,A,2004,80.493752,
COL,GDPHRWKD,TOT,IDX2015,A,2005,81.934064,
COL,GDPHRWKD,TOT,IDX2015,A,2006,87.206033,
COL,GDPHRWKD,TOT,IDX2015,A,2007,90.863232,
COL,GDPHRWKD,TOT,IDX2015,A,2008,90.968187,
COL,GDPHRWKD,TOT,IDX2015,A,2009,88.592396,
COL,GDPHRWKD,TOT,IDX2015,A,2010,89.003632,
COL,GDPHRWKD,TOT,IDX2015,A,2011,92.062791,
COL,GDPHRWKD,TOT,IDX2015,A,2012,93.122686,
COL,GDPHRWKD,TOT,IDX2015,A,2013,96.514427,
COL,GDPHRWKD,TOT,IDX2015,A,2014,99.063834,
COL,GDPHRWKD,TOT,IDX2015,A,2015,100,
COL,GDPHRWKD,TOT,IDX2015,A,2016,101.880426,
COL,GDPHRWKD,TOT,IDX2015,A,2017,103.604632,
COL,GDPHRWKD,TOT,IDX2015,A,2018,105.962979,
COL,GDPHRWKD,TOT,IDX2015,A,2019,110.814201,
COL,GDPHRWKD,TOT,IDX2015,A,2020,134.214135,
